{
  "project_info": {
    "project_number": "951884137942",
    "firebase_url": "https://gsrsenzor-default-rtdb.firebaseio.com",
    "project_id": "gsrsenzor",
    "storage_bucket": "gsrsenzor.appspot.com"
  },
  "client": [
    {
      "client_info": {
        "mobilesdk_app_id": "1:951884137942:android:951ae340ad07f26dee5077",
        "android_client_info": {
          "package_name": "com.example.watch"
        }
      },
      "oauth_client": [],
      "api_key": [
        {
          "current_key": "AIzaSyCJzS-HOSvZNdHAovB-Ufute1WZmc1GLN0"
        }
      ],
      "services": {
        "appinvite_service": {
          "other_platform_oauth_client": []
        }
      }
    }
  ],
  "configuration_version": "1"
}